X,Y,cellid,lat,lon,PosXcd_142,PosYcd_142
-851422.554985051,-1009960.05147717,UKVUKO104,50.238137000000002,12.849598000000000,-851423,-1009960
-851422.554985051,-1009960.05147717,UKVUKO204,50.238137000000002,12.849598000000000,-851423,-1009960
-848645.380294143,-1014039.66343977,UKVVIV103,50.205827999999997,12.897002000000001,-848645,-1014040
-856093.632904087,-1019978.37483275,BSOHSL4,50.142574000000003,12.807088000000000,-856094,-1019978
-851338.789768683,-1010402.36195704,BKVLIS1,50.234327999999998,12.851732000000000,-851339,-1010402
-867840.857678513,-1005263.55667779,BSOSPC3,50.256394000000000,12.611860999999999,-867841,-1005264
-843606.154507747,-1003403.55810182,VKVYOC104,50.307360000000003,12.943500999999999,-843606,-1003404
-861772.002540658,-1005861.17090142,USOVRE103,50.259807000000002,12.697217999999999,-861772,-1005861
-870960.793466034,-999655.156310537,BSOROT4,50.301654999999997,12.556011000000000,-870961,-999655
-851298.230263622,-995093.361773684,BKVABE3,50.370311000000001,12.818478000000001,-851298,-995093
-870963.70415464,-999669.895336398,VSOYRO104,50.301519999999996,12.556004000000000,-870964,-999670
-858765.23348314,-1008518.91828546,DSOCHO3,50.240510000000000,12.744764000000000,-858765,-1008519
-874391.314954753,-998051.238370111,BSOKRS2,50.310907999999998,12.504849000000000,-874391,-998051
-852461.73702798,-1009462.42989048,UKVDVO104,50.241086000000003,12.834114000000000,-852462,-1009462
-856093.632904087,-1019978.37483275,BSOHSL2,50.142574000000003,12.807088000000000,-856094,-1019978
-856089.866219901,-1019987.87443076,VSOYHP104,50.142494999999997,12.807161000000001,-856090,-1019988
-853591.42749296,-1013121.04086188,BKVSTU2,50.207003000000000,12.826551000000000,-853591,-1013121
-856761.365824126,-1021022.68822976,VSOYHS104,50.132354999999997,12.800169000000000,-856761,-1021023
-849147.847686958,-1010607.81770609,UKVKOL203,50.235595000000004,12.882515000000000,-849148,-1010608
-843154.064417261,-1003562.95391094,BKVOST2,50.306578000000002,12.950119000000001,-843154,-1003563
-848609.999446688,-1000940.42526692,BKVMER4,50.322195999999998,12.868696999999999,-848610,-1000940
-871738.499270854,-1004719.81928144,BSOGLA2,50.255588000000003,12.556687000000000,-871738,-1004720
-852778.801343367,-1010857.69580359,BKVCHE4,50.228248999999998,12.832803000000000,-852779,-1010858
-849140.037590621,-1012413.14363121,BKVIMP4,50.219574999999999,12.886588000000000,-849140,-1012413
-843380.857262755,-997576.224011536,BKVJMA1,50.359426999999997,12.933859000000000,-843381,-997576
-856089.866219901,-1019987.87443076,VSOYHP103,50.142494999999997,12.807161000000001,-856090,-1019988
-850357.959370354,-1010627.25441797,UKVSPO103,50.233716000000001,12.865805000000000,-850358,-1010627
-849286.225807192,-1009420.61767696,BKVBOH1,50.245941999999999,12.877990000000000,-849286,-1009421
-866726.286033553,-1003166.5526325,BSOJIN1,50.276609999999998,12.622579000000000,-866726,-1003167
-843228.696643189,-1011073.04891073,BKVSED4,50.239775000000002,12.965491999999999,-843229,-1011073
-849147.847686958,-1010607.81770609,BKVKOL2,50.235595000000004,12.882515000000000,-849148,-1010608
-836349.023428324,-1016545.68827733,BKVDOU3,50.200747000000000,13.072615000000001,-836349,-1016546
-844916.346175012,-996272.39424162,BKVJAC4,50.368848999999997,12.909679000000001,-844916,-996272
-872013.827793776,-1015203.71259899,BSOBUK4,50.162159000000003,12.576516000000000,-872014,-1015204
-851338.789768683,-1010402.36195704,BKVLIS2,50.234327999999998,12.851732000000000,-851339,-1010402
-858765.23348314,-1008518.91828546,BSOCHO1,50.240510000000000,12.744764000000000,-858765,-1008519
-858916.868156726,-1008195.93090824,VSOYCS104,50.243161000000001,12.741947000000000,-858917,-1008196
-851468.263952713,-1011128.44918539,BKVSUM1,50.227697999999997,12.851539000000001,-851468,-1011128
-853591.42749296,-1013121.04086188,UKVSTU204,50.207003000000000,12.826551000000000,-853591,-1013121
-851422.554985051,-1009960.05147717,UKVUKO103,50.238137000000002,12.849598000000000,-851423,-1009960
-858530.773099275,-994404.765897058,BKVNHM4,50.366132999999998,12.716561000000000,-858531,-994405
-843907.43540837,-999600.650801944,DKVHOZ2,50.340710000000001,12.930990000000000,-843907,-999601
-856093.632904087,-1019978.37483275,BSOHSL3,50.142574000000003,12.807088000000000,-856094,-1019978
-853591.42749296,-1013121.04086188,BKVSTU1,50.207003000000000,12.826551000000000,-853591,-1013121
-855623.681586687,-1005582.90252728,VKVYNR101,50.271045999999998,12.781746000000000,-855624,-1005583
-858765.23348314,-1008518.91828546,DSOCHO4,50.240510000000000,12.744764000000000,-858765,-1008519
-871674.986267847,-1005861.98258115,DSOOLO1,50.245545000000000,12.560145000000000,-871675,-1005862
-852461.73702798,-1009462.42989048,UKVDVO202,50.241086000000003,12.834114000000000,-852462,-1009462
-848609.999446688,-1000940.42526692,BKVMER1,50.322195999999998,12.868696999999999,-848610,-1000940
-858988.871420918,-1008222.77823654,BSOCHD3,50.242820000000002,12.741009999999999,-858989,-1008223
-849644.874194732,-1011642.02328817,BKVSAD1,50.225710999999997,12.877907000000000,-849645,-1011642
-850875.87664685,-1011138.65823628,BKVKRY2,50.228444000000003,12.859761000000001,-850876,-1011139
-849147.847686958,-1010607.81770609,UKVKOL103,50.235595000000004,12.882515000000000,-849148,-1010608
-845250.528980235,-995949.882998586,VKVYNM104,50.371243000000000,12.904330000000000,-845251,-995950
-850682.638806751,-1004098.83525314,BKVRUP4,50.291224999999997,12.846925000000001,-850683,-1004099
-850682.638806751,-1004098.83525314,BKVRUP1,50.291224999999997,12.846925000000001,-850683,-1004099
-853620.164180945,-1021463.38736259,BSOLEZ1,50.132891000000001,12.844529000000000,-853620,-1021463
-843502.162686548,-1004389.69161818,BKVOKO3,50.298748000000003,12.947101000000000,-843502,-1004390
-858692.001697281,-1013845.4749993,VSOYLO101,50.193328999999999,12.757605000000000,-858692,-1013845
-861772.002540658,-1005861.17090142,USOVRE101,50.259807000000002,12.697217999999999,-861772,-1005861
-854706.559863812,-1011615.61000341,BKVGLO2,50.218789000000001,12.807798000000000,-854707,-1011616
-874391.314954753,-998051.238370111,BSOKRS1,50.310907999999998,12.504849000000000,-874391,-998051
-849918.84626857,-1011228.57433722,DKVTGM1,50.228996000000002,12.873206000000000,-849919,-1011229
-850294.262843696,-1010237.35323499,DKVPAN2,50.237268000000000,12.865829000000000,-850294,-1010237
-843110.835001709,-1002980.87512566,BKVOMA3,50.311807999999999,12.949445000000001,-843111,-1002981
-852012.109203001,-1011435.84591605,UKVARE101,50.224200000000003,12.844689000000001,-852012,-1011436
-856761.365824126,-1021022.68822976,VSOYHS102,50.132354999999997,12.800169000000000,-856761,-1021023
-850357.959370354,-1010627.25441797,UKVSPO202,50.233716000000001,12.865805000000000,-850358,-1010627
-849140.037590621,-1012413.14363121,UKVIMP102,50.219574999999999,12.886588000000000,-849140,-1012413
-867337.790644653,-1017688.13724096,BSOBRE1,50.146850999999998,12.646679000000001,-867338,-1017688
-854706.559863812,-1011615.61000341,BKVGLO3,50.218789000000001,12.807798000000000,-854707,-1011616
-850357.959370354,-1010627.25441797,UKVSPO102,50.233716000000001,12.865805000000000,-850358,-1010627
-849732.95036947,-1012321.08102488,UKVPUP102,50.219557000000002,12.878180000000000,-849733,-1012321
-860653.499333496,-1012975.19026133,BSONOS1,50.198258000000003,12.728547000000001,-860653,-1012975
-848645.380294143,-1014039.66343977,UKVVIV102,50.205827999999997,12.897002000000001,-848645,-1014040
-850217.313500414,-1011159.65369212,UKVBER201,50.229187000000003,12.868923000000001,-850217,-1011160
-871875.232877753,-1005626.3453326,VSOYOL102,50.247346000000000,12.556842000000000,-871875,-1005626
-850357.959370354,-1010627.25441797,UKVSPO104,50.233716000000001,12.865805000000000,-850358,-1010627
-858503.667452362,-999008.538908982,VKVYNE103,50.325305999999998,12.727213000000001,-858504,-999009
-852778.801343367,-1010857.69580359,UKVCHE102,50.228248999999998,12.832803000000000,-852779,-1010858
-844916.346175012,-996272.39424162,BKVJAC2,50.368848999999997,12.909679000000001,-844916,-996272
-840009.333394492,-1000004.15509084,BKVMAR3,50.342584000000002,12.985969000000001,-840009,-1000004
-849147.847686958,-1010607.81770609,BKVKOL1,50.235595000000004,12.882515000000000,-849148,-1010608
-850294.262843696,-1010237.35323499,UKVPAN104,50.237268000000000,12.865829000000000,-850294,-1010237
-850875.87664685,-1011138.65823628,UKVKRY102,50.228444000000003,12.859761000000001,-850876,-1011139
-853606.931486936,-1011103.06888632,BKVTES5,50.224898000000003,12.821883000000000,-853607,-1011103
-855883.515365693,-987642.43168259,BKVPOT2,50.429938999999997,12.738220000000000,-855884,-987642
-850547.383768898,-1015103.3503048,BKVBRE4,50.193702999999999,12.873023999999999,-850547,-1015103
-866726.286033553,-1003166.5526325,BSOJIN4,50.276609999999998,12.622579000000000,-866726,-1003167
-841441.447852561,-1018728.85750746,BKVSTN4,50.174273999999997,13.006888000000000,-841441,-1018729
-855623.681586687,-1005582.90252728,VKVYNR104,50.271045999999998,12.781746000000000,-855624,-1005583
-861772.002540658,-1005861.17090142,USOVRE102,50.259807000000002,12.697217999999999,-861772,-1005861
-843606.154507747,-1003403.55810182,VKVYOC102,50.307360000000003,12.943500999999999,-843606,-1003404
-857276.35927712,-1020354.08525154,BSOHOS2,50.137560000000001,12.791579000000000,-857276,-1020354
-849918.84626857,-1011228.57433722,DKVTGM2,50.228996000000002,12.873206000000000,-849919,-1011229
-850294.262843696,-1010237.35323499,BKVPAN1,50.237268000000000,12.865829000000000,-850294,-1010237
-851422.554985051,-1009960.05147717,BKVUKO3,50.238137000000002,12.849598000000000,-851423,-1009960
-849918.84626857,-1011228.57433722,UKVTGM104,50.228996000000002,12.873206000000000,-849919,-1011229
-843907.43540837,-999600.650801944,BKVHOZ2,50.340710000000001,12.930990000000000,-843907,-999601
-852461.73702798,-1009462.42989048,BKVDVO3,50.241086000000003,12.834114000000000,-852462,-1009462
-848630.360013611,-1002161.13991663,BKVHRO0,50.311328000000003,12.871104000000001,-848630,-1002161
-854706.559863812,-1011615.61000341,UKVGLO102,50.218789000000001,12.807798000000000,-854707,-1011616
-874046.851812964,-996249.452926771,BSOKRA3,50.327395000000003,12.505530000000000,-874047,-996249
-857411.181210369,-999779.151515633,VKVYNP101,50.320023999999997,12.744078000000000,-857411,-999779
-858610.190517281,-1008909.02012555,VSOYCH103,50.237268000000000,12.747776999999999,-858610,-1008909
-843502.162686548,-1004389.69161818,VKVYOT101,50.298748000000003,12.947101000000000,-843502,-1004390
-860973.274723,-1008368.6612917,BSOVIN1,50.238692000000000,12.713868000000000,-860973,-1008369
-849644.874194732,-1011642.02328817,UKVSAD102,50.225710999999997,12.877907000000000,-849645,-1011642
-843606.154507747,-1003403.55810182,VKVYOC101,50.307360000000003,12.943500999999999,-843606,-1003404
-848645.380294143,-1014039.66343977,BKVVIV2,50.205827999999997,12.897002000000001,-848645,-1014040
-849732.95036947,-1012321.08102488,UKVPUP109,50.219557000000002,12.878180000000000,-849733,-1012321
-867337.790644653,-1017688.13724096,BSOBRE4,50.146850999999998,12.646679000000001,-867338,-1017688
-860973.274723,-1008368.6612917,BSOVIN2,50.238692000000000,12.713868000000000,-860973,-1008369
-844391.063438546,-1007661.42700494,BKVBOR3,50.268445999999997,12.941938000000000,-844391,-1007661
-858916.868156726,-1008195.93090824,VSOYCS103,50.243161000000001,12.741947000000000,-858917,-1008196
-855110.842396674,-1032028.48513011,BKVTIS4,50.036974000000001,12.847167000000001,-855111,-1032028
-853606.931486936,-1011103.06888632,UKVTES101,50.224898000000003,12.821883000000000,-853607,-1011103
-843536.948142994,-997108.459028148,VKVYJM104,50.363362000000002,12.930666000000000,-843537,-997108
-849241.900686844,-1011643.9296669,BKVNAV4,50.226261999999998,12.883489000000001,-849242,-1011644
-860653.499333496,-1012975.19026133,BSONOS3,50.198258000000003,12.728547000000001,-860653,-1012975
-850547.383768898,-1015103.3503048,BKVBRE1,50.193702999999999,12.873023999999999,-850547,-1015103
-843418.814045831,-991609.037537638,BKVBOZ2,50.412365000000001,12.920230000000000,-843419,-991609
-858779.712241709,-998976.075248578,BKVNJD4,50.325200000000002,12.723312999999999,-858780,-998976
-849286.225807192,-1009420.61767696,UKVBOH103,50.245941999999999,12.877990000000000,-849286,-1009421
-858927.127951846,-1014041.71851363,BSOLOK2,50.191251999999999,12.754789000000001,-858927,-1014042
-849140.037590621,-1012413.14363121,UKVIMP101,50.219574999999999,12.886588000000000,-849140,-1012413
-849732.95036947,-1012321.08102488,UKVPUP209,50.219557000000002,12.878180000000000,-849733,-1012321
-858610.190517281,-1008909.02012555,VSOYCH101,50.237268000000000,12.747776999999999,-858610,-1008909
-866036.402588278,-1014455.11111652,BSOTKB1,50.177415000000003,12.657429000000000,-866036,-1014455
-847194.984152851,-1009679.65810288,DKVVSE3,50.246586000000001,12.907518000000000,-847195,-1009680
-858765.23348314,-1008518.91828546,BSOCHO3,50.240510000000000,12.744764000000000,-858765,-1008519
-851422.554985051,-1009960.05147717,UKVUKO102,50.238137000000002,12.849598000000000,-851423,-1009960
-858178.725642309,-996844.320705575,BKVTIV4,50.344980999999997,12.726891999999999,-858179,-996844
-847194.984152851,-1009679.65810288,UKVVSE104,50.246586000000001,12.907518000000000,-847195,-1009680
-847194.984152851,-1009679.65810288,BKVVSE3,50.246586000000001,12.907518000000000,-847195,-1009680
-841492.548521972,-1038353.82655533,BPSBEZ4,49.999879999999997,13.048634000000000,-841493,-1038354
-858530.773099275,-994404.765897058,BKVNHM3,50.366132999999998,12.716561000000000,-858531,-994405
-849286.225807192,-1009420.61767696,BKVBOH3,50.245941999999999,12.877990000000000,-849286,-1009421
-857276.35927712,-1020354.08525154,BSOHOS4,50.137560000000001,12.791579000000000,-857276,-1020354
-857411.181210369,-999779.151515633,VKVYNP102,50.320023999999997,12.744078000000000,-857411,-999779
-850217.313500414,-1011159.65369212,UKVBER103,50.229187000000003,12.868923000000001,-850217,-1011160
-853591.42749296,-1013121.04086188,BKVSTU4,50.207003000000000,12.826551000000000,-853591,-1013121
-852778.801343367,-1010857.69580359,UKVCHE201,50.228248999999998,12.832803000000000,-852779,-1010858
-850217.313500414,-1011159.65369212,UKVBER101,50.229187000000003,12.868923000000001,-850217,-1011160
-843502.162686548,-1004389.69161818,VKVYOT104,50.298748000000003,12.947101000000000,-843502,-1004390
-851422.554985051,-1009960.05147717,UKVUKO202,50.238137000000002,12.849598000000000,-851423,-1009960
-849732.95036947,-1012321.08102488,BKVPUP2,50.219557000000002,12.878180000000000,-849733,-1012321
-867840.857678513,-1005263.55667779,BSOSPC2,50.256394000000000,12.611860999999999,-867841,-1005264
-850294.262843696,-1010237.35323499,UKVPAN101,50.237268000000000,12.865829000000000,-850294,-1010237
-853602.313972017,-994819.894788662,BKVPER1,50.369470000000000,12.785888000000000,-853602,-994820
-852109.629447203,-1013680.11715534,BKVDHO3,50.204135000000001,12.848283000000000,-852110,-1013680
-857618.898768264,-999905.301183768,BKVNEJ1,50.318607999999998,12.741479000000000,-857619,-999905
-843154.064417261,-1003562.95391094,DKVOST1,50.306578000000002,12.950119000000001,-843154,-1003563
-849286.225807192,-1009420.61767696,BKVBOH4,50.245941999999999,12.877990000000000,-849286,-1009421
-845250.528980235,-995949.882998586,VKVYNM102,50.371243000000000,12.904330000000000,-845251,-995950
-850875.87664685,-1011138.65823628,BKVKRY4,50.228444000000003,12.859761000000001,-850876,-1011139
-843502.162686548,-1004389.69161818,BKVOKO4,50.298748000000003,12.947101000000000,-843502,-1004390
-858988.871420918,-1008222.77823654,BSOCHD4,50.242820000000002,12.741009999999999,-858989,-1008223
-858779.712241709,-998976.075248578,DKVNJD2,50.325200000000002,12.723312999999999,-858780,-998976
-842925.372119564,-1001550.3837457,VKVYOZ103,50.324772000000003,12.948886999999999,-842925,-1001550
-854706.559863812,-1011615.61000341,UKVGLO103,50.218789000000001,12.807798000000000,-854707,-1011616
-850875.87664685,-1011138.65823628,BKVKRY3,50.228444000000003,12.859761000000001,-850876,-1011139
-870960.793466034,-999655.156310537,BSOROT2,50.301654999999997,12.556011000000000,-870961,-999655
-853284.430748394,-1005794.53143021,BKVMEZ1,50.272486999999998,12.814619000000000,-853284,-1005795
-855648.473398204,-1005470.79894978,BKVNVR4,50.272005999999998,12.781154000000001,-855648,-1005471
-852461.73702798,-1009462.42989048,BKVDVO2,50.241086000000003,12.834114000000000,-852462,-1009462
-850217.313500414,-1011159.65369212,UKVBER202,50.229187000000003,12.868923000000001,-850217,-1011160
-849147.847686958,-1010607.81770609,UKVKOL101,50.235595000000004,12.882515000000000,-849148,-1010608
-852012.109203001,-1011435.84591605,BKVARE1,50.224200000000003,12.844689000000001,-852012,-1011436
-849147.847686958,-1010607.81770609,BKVKOL3,50.235595000000004,12.882515000000000,-849148,-1010608
-835157.130515026,-1001329.27338341,BKVSTR4,50.337570999999997,13.056196000000000,-835157,-1001329
-851338.789768683,-1010402.36195704,UKVLIS102,50.234327999999998,12.851732000000000,-851339,-1010402
-871738.499270854,-1004719.81928144,BSOGLA4,50.255588000000003,12.556687000000000,-871738,-1004720
-849918.84626857,-1011228.57433722,BKVTGM1,50.228996000000002,12.873206000000000,-849919,-1011229
-852109.629447203,-1013680.11715534,UKVDHO102,50.204135000000001,12.848283000000000,-852110,-1013680
-850079.511729389,-996919.562987549,BKVPLE1,50.355822000000003,12.839435000000000,-850080,-996920
-850357.959370354,-1010627.25441797,DKVSPO2,50.233716000000001,12.865805000000000,-850358,-1010627
-855883.515365693,-987642.43168259,BKVPOT3,50.429938999999997,12.738220000000000,-855884,-987642
-851468.263952713,-1011128.44918539,UKVSUM101,50.227697999999997,12.851539000000001,-851468,-1011128
-851468.263952713,-1011128.44918539,UKVSUM104,50.227697999999997,12.851539000000001,-851468,-1011128
-864915.96171528,-1015064.17196619,BSOSLA2,50.173617000000000,12.674275000000000,-864916,-1015064
-853602.313972017,-994819.894788662,BKVPER2,50.369470000000000,12.785888000000000,-853602,-994820
-849241.900686844,-1011643.9296669,BKVNAV3,50.226261999999998,12.883489000000001,-849242,-1011644
-849241.900686844,-1011643.9296669,UKVNAV103,50.226261999999998,12.883489000000001,-849242,-1011644
-860653.499333496,-1012975.19026133,BSONOS2,50.198258000000003,12.728547000000001,-860653,-1012975
-847194.984152851,-1009679.65810288,UKVVSE103,50.246586000000001,12.907518000000000,-847195,-1009680
-840466.80104981,-994108.521344195,DKVKLC4,50.394306000000000,12.966730999999999,-840467,-994109
-866036.402588278,-1014455.11111652,DSOTKB2,50.177415000000003,12.657429000000000,-866036,-1014455
-851338.789768683,-1010402.36195704,BKVLIS4,50.234327999999998,12.851732000000000,-851339,-1010402
-849918.84626857,-1011228.57433722,BKVTGM2,50.228996000000002,12.873206000000000,-849919,-1011229
-858779.712241709,-998976.075248578,BKVNJD3,50.325200000000002,12.723312999999999,-858780,-998976
-852778.801343367,-1010857.69580359,BKVCHE2,50.228248999999998,12.832803000000000,-852779,-1010858
-849644.874194732,-1011642.02328817,BKVSAD2,50.225710999999997,12.877907000000000,-849645,-1011642
-844916.346175012,-996272.39424162,BKVJAC1,50.368848999999997,12.909679000000001,-844916,-996272
-853602.313972017,-994819.894788662,BKVPER3,50.369470000000000,12.785888000000000,-853602,-994820
-843794.115199249,-997536.480698754,BKVJAS2,50.359200000000001,12.928034999999999,-843794,-997536
-857276.35927712,-1020354.08525154,BSOHOS3,50.137560000000001,12.791579000000000,-857276,-1020354
-858692.001697281,-1013845.4749993,VSOYLO104,50.193328999999999,12.757605000000000,-858692,-1013845
-846499.375475248,-1011195.19879147,BKVSTE3,50.234105000000000,12.920470999999999,-846499,-1011195
-850294.262843696,-1010237.35323499,BKVPAN2,50.237268000000000,12.865829000000000,-850294,-1010237
-851422.554985051,-1009960.05147717,BKVUKO1,50.238137000000002,12.849598000000000,-851423,-1009960
-851338.789768683,-1010402.36195704,UKVLIS101,50.234327999999998,12.851732000000000,-851339,-1010402
-853591.42749296,-1013121.04086188,UKVSTU101,50.207003000000000,12.826551000000000,-853591,-1013121
-848645.380294143,-1014039.66343977,BKVVIV4,50.205827999999997,12.897002000000001,-848645,-1014040
-857220.274504267,-1012290.46958979,BKVHOR1,50.209228000000003,12.774513000000001,-857220,-1012290
-871674.986267847,-1005861.98258115,BSOOLO1,50.245545000000000,12.560145000000000,-871675,-1005862
-853745.849810662,-1011381.40355592,UKVDVR104,50.222230000000003,12.820575000000000,-853746,-1011381
-852461.73702798,-1009462.42989048,UKVDVO203,50.241086000000003,12.834114000000000,-852462,-1009462
-850217.313500414,-1011159.65369212,BKVBER1,50.229187000000003,12.868923000000001,-850217,-1011160
-858916.868156726,-1008195.93090824,VSOYCS101,50.243161000000001,12.741947000000000,-858917,-1008196
-846499.375475248,-1011195.19879147,UKVSTE104,50.234105000000000,12.920470999999999,-846499,-1011195
-843502.162686548,-1004389.69161818,VKVYOT103,50.298748000000003,12.947101000000000,-843502,-1004390
-874123.99801417,-1020670.09153953,BSOKYN1,50.110599000000001,12.559685999999999,-874124,-1020670
-849732.95036947,-1012321.08102488,UKVPUP201,50.219557000000002,12.878180000000000,-849733,-1012321
-849732.95036947,-1012321.08102488,UKVPUP101,50.219557000000002,12.878180000000000,-849733,-1012321
-853878.862086102,-1018857.49956921,BKVKFE2,50.155662999999997,12.835220000000000,-853879,-1018857
-852012.109203001,-1011435.84591605,BKVARE3,50.224200000000003,12.844689000000001,-852012,-1011436
-852778.801343367,-1010857.69580359,BKVCHE1,50.228248999999998,12.832803000000000,-852779,-1010858
-833536.534730571,-990218.67653623,BCVKOV3,50.438515000000002,13.054582999999999,-833537,-990219
-852012.109203001,-1011435.84591605,BKVARE2,50.224200000000003,12.844689000000001,-852012,-1011436
-843502.162686548,-1004389.69161818,BKVOKO1,50.298748000000003,12.947101000000000,-843502,-1004390
-873947.618633522,-1008800.88598692,BSOKRJ1,50.216174000000002,12.535347000000000,-873948,-1008801
-847194.984152851,-1009679.65810288,UKVVSE204,50.246586000000001,12.907518000000000,-847195,-1009680
-853284.430748394,-1005794.53143021,BKVMEZ3,50.272486999999998,12.814619000000000,-853284,-1005795
-849241.900686844,-1011643.9296669,DKVNAV3,50.226261999999998,12.883489000000001,-849242,-1011644
-852012.109203001,-1011435.84591605,UKVARE104,50.224200000000003,12.844689000000001,-852012,-1011436
-856089.866219901,-1019987.87443076,VSOYHP102,50.142494999999997,12.807161000000001,-856090,-1019988
-838723.367687297,-992066.390873244,BCVLOU3,50.414879999999997,12.986492000000000,-838723,-992066
-857618.898768264,-999905.301183768,BKVNEJ4,50.318607999999998,12.741479000000000,-857619,-999905
-851468.263952713,-1011128.44918539,UKVSUM103,50.227697999999997,12.851539000000001,-851468,-1011128
-840974.553363841,-1009734.35683024,BKVKYS3,50.254815000000001,12.993796000000000,-840975,-1009734
-858503.667452362,-999008.538908982,VKVYNE104,50.325305999999998,12.727213000000001,-858504,-999009
-839978.169348604,-1007577.31574926,BKVRAD1,50.275364000000003,13.002907000000000,-839978,-1007577
-852461.73702798,-1009462.42989048,UKVDVO103,50.241086000000003,12.834114000000000,-852462,-1009462
-853284.430748394,-1005794.53143021,BKVMEZ2,50.272486999999998,12.814619000000000,-853284,-1005795
-858692.001697281,-1013845.4749993,VSOYLO102,50.193328999999999,12.757605000000000,-858692,-1013845
-850217.313500414,-1011159.65369212,UKVBER102,50.229187000000003,12.868923000000001,-850217,-1011160
-855648.473398204,-1005470.79894978,BKVNVR3,50.272005999999998,12.781154000000001,-855648,-1005471
-853745.849810662,-1011381.40355592,UKVDVR101,50.222230000000003,12.820575000000000,-853746,-1011381
-849286.225807192,-1009420.61767696,UKVBOH104,50.245941999999999,12.877990000000000,-849286,-1009421
-849644.874194732,-1011642.02328817,BKVSAD4,50.225710999999997,12.877907000000000,-849645,-1011642
-858503.667452362,-999008.538908982,VKVYNE102,50.325305999999998,12.727213000000001,-858504,-999009
-852778.801343367,-1010857.69580359,UKVCHE204,50.228248999999998,12.832803000000000,-852779,-1010858
-843154.064417261,-1003562.95391094,BKVOST3,50.306578000000002,12.950119000000001,-843154,-1003563
-850217.313500414,-1011159.65369212,UKVBER203,50.229187000000003,12.868923000000001,-850217,-1011160
-871887.933024452,-993512.747888857,BSOSTR1,50.354813000000000,12.529249000000000,-871888,-993513
-858765.23348314,-1008518.91828546,BSOCHO4,50.240510000000000,12.744764000000000,-858765,-1008519
-840828.376700177,-996345.733948751,BKVSUC4,50.373930999999999,12.966604000000000,-840828,-996346
-847194.984152851,-1009679.65810288,BKVVSE4,50.246586000000001,12.907518000000000,-847195,-1009680
-850294.262843696,-1010237.35323499,DKVPAN1,50.237268000000000,12.865829000000000,-850294,-1010237
-852778.801343367,-1010857.69580359,UKVCHE202,50.228248999999998,12.832803000000000,-852779,-1010858
-843794.115199249,-997536.480698754,BKVJAS4,50.359200000000001,12.928034999999999,-843794,-997536
-854107.126377542,-992416.042340744,BKVHBL2,50.390093000000000,12.773536000000000,-854107,-992416
-853591.42749296,-1013121.04086188,UKVSTU104,50.207003000000000,12.826551000000000,-853591,-1013121
-850294.262843696,-1010237.35323499,UKVPAN103,50.237268000000000,12.865829000000000,-850294,-1010237
-853591.42749296,-1013121.04086188,UKVSTU202,50.207003000000000,12.826551000000000,-853591,-1013121
-849918.84626857,-1011228.57433722,UKVTGM101,50.228996000000002,12.873206000000000,-849919,-1011229
-849918.84626857,-1011228.57433722,UKVTGM102,50.228996000000002,12.873206000000000,-849919,-1011229
-850217.313500414,-1011159.65369212,BKVBER3,50.229187000000003,12.868923000000001,-850217,-1011160
-865383.757191598,-993242.393308874,BSOPRB0,50.366616999999998,12.618861000000001,-865384,-993242
-857618.898768264,-999905.301183768,BKVNEJ2,50.318607999999998,12.741479000000000,-857619,-999905
-844271.031180916,-1036149.65341142,BKVTOU4,50.015591999999998,13.005578000000000,-844271,-1036150
-839978.169348604,-1007577.31574926,BKVRAD3,50.275364000000003,13.002907000000000,-839978,-1007577
-853745.849810662,-1011381.40355592,BKVDVR3,50.222230000000003,12.820575000000000,-853746,-1011381
-847194.984152851,-1009679.65810288,BKVVSE1,50.246586000000001,12.907518000000000,-847195,-1009680
-843380.857262755,-997576.224011536,BKVJMA3,50.359426999999997,12.933859000000000,-843381,-997576
-843536.948142994,-997108.459028148,VKVYJM102,50.363362000000002,12.930666000000000,-843537,-997108
-858927.127951846,-1014041.71851363,BSOLOK4,50.191251999999999,12.754789000000001,-858927,-1014042
-853745.849810662,-1011381.40355592,BKVDVR1,50.222230000000003,12.820575000000000,-853746,-1011381
-849644.874194732,-1011642.02328817,UKVSAD101,50.225710999999997,12.877907000000000,-849645,-1011642
-870963.70415464,-999669.895336398,VSOYRO102,50.301519999999996,12.556004000000000,-870964,-999670
-852461.73702798,-1009462.42989048,BKVDVO4,50.241086000000003,12.834114000000000,-852462,-1009462
-848645.380294143,-1014039.66343977,BKVVIV3,50.205827999999997,12.897002000000001,-848645,-1014040
-860973.274723,-1008368.6612917,USOVIN102,50.238692000000000,12.713868000000000,-860973,-1008369
-857411.181210369,-999779.151515633,VKVYNP104,50.320023999999997,12.744078000000000,-857411,-999779
-843110.835001709,-1002980.87512566,BKVOMA4,50.311807999999999,12.949445000000001,-843111,-1002981
-854107.126377542,-992416.042340744,BKVHBL4,50.390093000000000,12.773536000000000,-854107,-992416
-852461.73702798,-1009462.42989048,UKVDVO204,50.241086000000003,12.834114000000000,-852462,-1009462
-842802.494568172,-1003642.83909827,VKVYOL101,50.306361000000003,12.955169000000000,-842802,-1003643
-852778.801343367,-1010857.69580359,UKVCHE101,50.228248999999998,12.832803000000000,-852779,-1010858
-852109.629447203,-1013680.11715534,BKVDHO2,50.204135000000001,12.848283000000000,-852110,-1013680
-843794.115199249,-997536.480698754,BKVJAS1,50.359200000000001,12.928034999999999,-843794,-997536
-861772.002540658,-1005861.17090142,BSOVRE3,50.259807000000002,12.697217999999999,-861772,-1005861
-843228.696643189,-1011073.04891073,BKVSED1,50.239775000000002,12.965491999999999,-843229,-1011073
-849241.900686844,-1011643.9296669,DKVNAV4,50.226261999999998,12.883489000000001,-849242,-1011644
-858178.725642309,-996844.320705575,BKVTIV3,50.344980999999997,12.726891999999999,-858179,-996844
-850357.959370354,-1010627.25441797,DKVSPO3,50.233716000000001,12.865805000000000,-850358,-1010627
-849140.037590621,-1012413.14363121,UKVIMP104,50.219574999999999,12.886588000000000,-849140,-1012413
-849147.847686958,-1010607.81770609,UKVKOL201,50.235595000000004,12.882515000000000,-849148,-1010608
-857810.167077261,-1023310.78319157,BSOKRO1,50.110551999999998,12.790737999999999,-857810,-1023311
-842925.372119564,-1001550.3837457,VKVYOZ101,50.324772000000003,12.948886999999999,-842925,-1001550
-850357.959370354,-1010627.25441797,BKVSPO2,50.233716000000001,12.865805000000000,-850358,-1010627
-844391.063438546,-1007661.42700494,BKVBOR4,50.268445999999997,12.941938000000000,-844391,-1007661
-843516.628983581,-991438.1639242,VKVYBD104,50.413744999999999,12.918495000000000,-843517,-991438
-857220.274504267,-1012290.46958979,BKVHOR3,50.209228000000003,12.774513000000001,-857220,-1012290
-853620.164180945,-1021463.38736259,BSOLEZ2,50.132891000000001,12.844529000000000,-853620,-1021463
-843418.814045831,-991609.037537638,BKVBOZ3,50.412365000000001,12.920230000000000,-843419,-991609
-849147.847686958,-1010607.81770609,UKVKOL202,50.235595000000004,12.882515000000000,-849148,-1010608
-836349.023428324,-1016545.68827733,BKVDOU4,50.200747000000000,13.072615000000001,-836349,-1016546
-853745.849810662,-1011381.40355592,BKVDVR2,50.222230000000003,12.820575000000000,-853746,-1011381
-870963.70415464,-999669.895336398,VSOYRO101,50.301519999999996,12.556004000000000,-870964,-999670
-854107.126377542,-992416.042340744,BKVHBL1,50.390093000000000,12.773536000000000,-854107,-992416
-844391.063438546,-1007661.42700494,BKVBOR2,50.268445999999997,12.941938000000000,-844391,-1007661
-845250.528980235,-995949.882998586,VKVYNM101,50.371243000000000,12.904330000000000,-845251,-995950
-863703.804494925,-1028717.9817039,BCHPRM2,50.054155999999999,12.721394999999999,-863704,-1028718
-871875.232877753,-1005626.3453326,VSOYOL101,50.247346000000000,12.556842000000000,-871875,-1005626
-843516.628983581,-991438.1639242,VKVYBD102,50.413744999999999,12.918495000000000,-843517,-991438
-852461.73702798,-1009462.42989048,UKVDVO102,50.241086000000003,12.834114000000000,-852462,-1009462
-849286.225807192,-1009420.61767696,UKVBOH101,50.245941999999999,12.877990000000000,-849286,-1009421
-851422.554985051,-1009960.05147717,UKVUKO203,50.238137000000002,12.849598000000000,-851423,-1009960
-849140.037590621,-1012413.14363121,BKVIMP2,50.219574999999999,12.886588000000000,-849140,-1012413
-851338.789768683,-1010402.36195704,UKVLIS103,50.234327999999998,12.851732000000000,-851339,-1010402
-855623.681586687,-1005582.90252728,VKVYNR103,50.271045999999998,12.781746000000000,-855624,-1005583
-851468.263952713,-1011128.44918539,BKVSUM2,50.227697999999997,12.851539000000001,-851468,-1011128
-863205.1366269,-1014105.75812802,BSOSED2,50.184575000000002,12.695784000000000,-863205,-1014106
-850357.959370354,-1010627.25441797,UKVSPO203,50.233716000000001,12.865805000000000,-850358,-1010627
-846499.375475248,-1011195.19879147,UKVSTE103,50.234105000000000,12.920470999999999,-846499,-1011195
-855648.473398204,-1005470.79894978,BKVNVR1,50.272005999999998,12.781154000000001,-855648,-1005471
-859384.2308325,-1011566.356893,VSOYNS101,50.212575000000001,12.742971000000001,-859384,-1011566
-858765.23348314,-1008518.91828546,DSOCHO1,50.240510000000000,12.744764000000000,-858765,-1008519
-871674.986267847,-1005861.98258115,BSOOLO3,50.245545000000000,12.560145000000000,-871675,-1005862
-847194.984152851,-1009679.65810288,UKVVSE203,50.246586000000001,12.907518000000000,-847195,-1009680
-843110.835001709,-1002980.87512566,BKVOMA2,50.311807999999999,12.949445000000001,-843111,-1002981
-850875.87664685,-1011138.65823628,UKVKRY103,50.228444000000003,12.859761000000001,-850876,-1011139
-849644.874194732,-1011642.02328817,UKVSAD104,50.225710999999997,12.877907000000000,-849645,-1011642
-849918.84626857,-1011228.57433722,BKVTGM4,50.228996000000002,12.873206000000000,-849919,-1011229
-850357.959370354,-1010627.25441797,BKVSPO3,50.233716000000001,12.865805000000000,-850358,-1010627
-853878.862086102,-1018857.49956921,BKVKFE1,50.155662999999997,12.835220000000000,-853879,-1018857
-849732.95036947,-1012321.08102488,UKVPUP202,50.219557000000002,12.878180000000000,-849733,-1012321
-861772.002540658,-1005861.17090142,BSOVRE2,50.259807000000002,12.697217999999999,-861772,-1005861
-843907.43540837,-999600.650801944,BKVHOZ1,50.340710000000001,12.930990000000000,-843907,-999601
-849732.95036947,-1012321.08102488,BKVPUP1,50.219557000000002,12.878180000000000,-849733,-1012321
-850294.262843696,-1010237.35323499,DKVPAN3,50.237268000000000,12.865829000000000,-850294,-1010237
-850079.511729389,-996919.562987549,BKVPLE2,50.355822000000003,12.839435000000000,-850080,-996920
-849918.84626857,-1011228.57433722,DKVTGM4,50.228996000000002,12.873206000000000,-849919,-1011229
-861687.052439736,-1038273.38519628,BCHPOV1,49.972203999999998,12.770314000000001,-861687,-1038273
-852109.629447203,-1013680.11715534,UKVDHO103,50.204135000000001,12.848283000000000,-852110,-1013680
-849147.847686958,-1010607.81770609,UKVKOL102,50.235595000000004,12.882515000000000,-849148,-1010608
-853591.42749296,-1013121.04086188,UKVSTU201,50.207003000000000,12.826551000000000,-853591,-1013121
-851298.230263622,-995093.361773684,BKVABE1,50.370311000000001,12.818478000000001,-851298,-995093
-851468.263952713,-1011128.44918539,BKVSUM3,50.227697999999997,12.851539000000001,-851468,-1011128
-839978.169348604,-1007577.31574926,BKVRAD4,50.275364000000003,13.002907000000000,-839978,-1007577
-858988.871420918,-1008222.77823654,BSOCHD1,50.242820000000002,12.741009999999999,-858989,-1008223
-853745.849810662,-1011381.40355592,UKVDVR102,50.222230000000003,12.820575000000000,-853746,-1011381
-849241.900686844,-1011643.9296669,UKVNAV104,50.226261999999998,12.883489000000001,-849242,-1011644
-858530.773099275,-994404.765897058,BKVNHM2,50.366132999999998,12.716561000000000,-858531,-994405
-843154.064417261,-1003562.95391094,BKVOST1,50.306578000000002,12.950119000000001,-843154,-1003563
-856761.365824126,-1021022.68822976,VSOYHS101,50.132354999999997,12.800169000000000,-856761,-1021023
-850682.638806751,-1004098.83525314,BKVRUP2,50.291224999999997,12.846925000000001,-850683,-1004099
-849140.037590621,-1012413.14363121,BKVIMP1,50.219574999999999,12.886588000000000,-849140,-1012413
-852778.801343367,-1010857.69580359,UKVCHE104,50.228248999999998,12.832803000000000,-852779,-1010858
-850217.313500414,-1011159.65369212,BKVBER2,50.229187000000003,12.868923000000001,-850217,-1011160
-851422.554985051,-1009960.05147717,BKVUKO2,50.238137000000002,12.849598000000000,-851423,-1009960
-852012.109203001,-1011435.84591605,BKVARE4,50.224200000000003,12.844689000000001,-852012,-1011436
-842802.494568172,-1003642.83909827,VKVYOL104,50.306361000000003,12.955169000000000,-842802,-1003643
-840009.333394492,-1000004.15509084,BKVMAR2,50.342584000000002,12.985969000000001,-840009,-1000004
-872508.81152824,-990333.000016914,BSOBUB3,50.382123999999997,12.513415999999999,-872509,-990333
-860973.274723,-1008368.6612917,USOVIN101,50.238692000000000,12.713868000000000,-860973,-1008369
-846499.375475248,-1011195.19879147,BKVSTE4,50.234105000000000,12.920470999999999,-846499,-1011195
-845577.664851213,-997377.112947577,BKVMAN4,50.358108999999999,12.902927000000000,-845578,-997377
-849732.95036947,-1012321.08102488,BKVPUP9,50.219557000000002,12.878180000000000,-849733,-1012321
-853591.42749296,-1013121.04086188,UKVSTU102,50.207003000000000,12.826551000000000,-853591,-1013121
-850875.87664685,-1011138.65823628,UKVKRY101,50.228444000000003,12.859761000000001,-850876,-1011139
-852461.73702798,-1009462.42989048,DKVDVO4,50.241086000000003,12.834114000000000,-852462,-1009462
-850357.959370354,-1010627.25441797,BKVSPO4,50.233716000000001,12.865805000000000,-850358,-1010627
-858610.190517281,-1008909.02012555,VSOYCH104,50.237268000000000,12.747776999999999,-858610,-1008909
-850357.959370354,-1010627.25441797,UKVSPO204,50.233716000000001,12.865805000000000,-850358,-1010627
-850294.262843696,-1010237.35323499,BKVPAN3,50.237268000000000,12.865829000000000,-850294,-1010237
-852012.109203001,-1011435.84591605,UKVARE103,50.224200000000003,12.844689000000001,-852012,-1011436
